{
  "version": "1.1.1",
  "windows": {
    "main": {
      "main": true,
      "url": "app://editor/index.html",
      "windowType": "dockable",
      "x": 0,
      "y": 25,
      "width": 1280,
      "height": 742,
      "layout": {
        "children": [
          {
            "children": [
              {
                "active": 0,
                "children": [
                  "hierarchy"
                ],
                "height": 226,
                "type": "panel",
                "width": 304
              },
              {
                "active": 0,
                "children": [
                  "assets",
                  "cloud-function"
                ],
                "height": 426,
                "type": "panel",
                "width": 304
              }
            ],
            "height": 655,
            "type": "dock-v",
            "width": 304
          },
          {
            "children": [
              {
                "children": [
                  {
                    "active": 0,
                    "children": [
                      "scene"
                    ],
                    "height": 321,
                    "type": "panel",
                    "width": 399
                  },
                  {
                    "active": 0,
                    "children": [
                      "node-library"
                    ],
                    "height": 321,
                    "type": "panel",
                    "width": 264
                  }
                ],
                "height": 321,
                "type": "dock-h",
                "width": 666
              },
              {
                "active": 0,
                "children": [
                  "console",
                  "timeline",
                  "game-window"
                ],
                "height": 300,
                "type": "panel",
                "width": 666
              }
            ],
            "height": 624,
            "type": "dock-v",
            "width": 666
          },
          {
            "active": 0,
            "children": [
              "inspector",
              "cocos-services"
            ],
            "height": 624,
            "type": "panel",
            "width": 304
          }
        ],
        "type": "dock-h"
      },
      "panels": [
        "hierarchy",
        "assets",
        "cloud-function",
        "scene",
        "node-library",
        "console",
        "timeline",
        "game-window",
        "inspector",
        "cocos-services"
      ]
    },
    "worker": {},
    "window-1627225104982": {}
  },
  "panels": {
    "builder": {
      "x": 390,
      "y": 25,
      "width": 500,
      "height": 706
    }
  },
  "panelLabelWidth": {
    "inspector": null,
    "builder": null
  }
}
