{
  "9836134e-b892-4283-b6b2-78b5acf3ed45": {
    "asset": 1601192580000,
    "meta": 1627211612962,
    "relativePath": "effects"
  },
  "430eccbf-bf2c-4e6e-8c0c-884bbb487f32": {
    "asset": 1601192580000,
    "meta": 1627211613007,
    "relativePath": "effects/__builtin-editor-gizmo-line.effect"
  },
  "6c5cf6e1-b044-4eac-9431-835644d57381": {
    "asset": 1601192580000,
    "meta": 1627211613019,
    "relativePath": "effects/__builtin-editor-gizmo-unlit.effect"
  },
  "115286d1-2e10-49ee-aab4-341583f607e8": {
    "asset": 1601192580000,
    "meta": 1627211613053,
    "relativePath": "effects/__builtin-editor-gizmo.effect"
  },
  "abc2cb62-7852-4525-a90d-d474487b88f2": {
    "asset": 1601192580000,
    "meta": 1627211613153,
    "relativePath": "effects/builtin-phong.effect"
  },
  "e2f00085-c597-422d-9759-52c360279106": {
    "asset": 1601192580000,
    "meta": 1627211613226,
    "relativePath": "effects/builtin-toon.effect"
  },
  "f8e6b000-5643-4b86-9080-aa680ce1f599": {
    "asset": 1601192580000,
    "meta": 1627211613227,
    "relativePath": "image"
  },
  "e851e89b-faa2-4484-bea6-5c01dd9f06e2": {
    "asset": 1601192580000,
    "meta": 1627211613248,
    "relativePath": "image/default_btn_normal.png"
  },
  "71561142-4c83-4933-afca-cb7a17f67053": {
    "asset": 1601192580000,
    "meta": 1627211613246,
    "relativePath": "image/default_btn_disabled.png"
  },
  "edd215b9-2796-4a05-aaf5-81f96c9281ce": {
    "asset": 1601192580000,
    "meta": 1627211613259,
    "relativePath": "image/default_editbox_bg.png"
  },
  "b43ff3c2-02bb-4874-81f7-f2dea6970f18": {
    "asset": 1601192580000,
    "meta": 1627211613257,
    "relativePath": "image/default_btn_pressed.png"
  },
  "d81ec8ad-247c-4e62-aa3c-d35c4193c7af": {
    "asset": 1601192580000,
    "meta": 1627211613270,
    "relativePath": "image/default_panel.png"
  },
  "99170b0b-d210-46f1-b213-7d9e3f23098a": {
    "asset": 1601192580000,
    "meta": 1627211613272,
    "relativePath": "image/default_progressbar_bg.png"
  },
  "567dcd80-8bf4-4535-8a5a-313f1caf078a": {
    "asset": 1601192580000,
    "meta": 1627211613286,
    "relativePath": "image/default_radio_button_off.png"
  },
  "cfef78f1-c8df-49b7-8ed0-4c953ace2621": {
    "asset": 1601192580000,
    "meta": 1627211613288,
    "relativePath": "image/default_progressbar.png"
  },
  "4bab67cb-18e6-4099-b840-355f0473f890": {
    "asset": 1601192580000,
    "meta": 1627211613302,
    "relativePath": "image/default_scrollbar_bg.png"
  },
  "9d60001f-b5f4-4726-a629-2659e3ded0b8": {
    "asset": 1601192580000,
    "meta": 1627211613304,
    "relativePath": "image/default_radio_button_on.png"
  },
  "617323dd-11f4-4dd3-8eec-0caf6b3b45b9": {
    "asset": 1601192580000,
    "meta": 1627211613338,
    "relativePath": "image/default_scrollbar_vertical_bg.png"
  },
  "d6d3ca85-4681-47c1-b5dd-d036a9d39ea2": {
    "asset": 1601192580000,
    "meta": 1627211613347,
    "relativePath": "image/default_scrollbar_vertical.png"
  },
  "0291c134-b3da-4098-b7b5-e397edbe947f": {
    "asset": 1601192580000,
    "meta": 1627211613370,
    "relativePath": "image/default_scrollbar.png"
  },
  "0275e94c-56a7-410f-bd1a-fc7483f7d14a": {
    "asset": 1601192580000,
    "meta": 1627211613373,
    "relativePath": "image/default_sprite_splash.png"
  },
  "73a0903d-d80e-4e3c-aa67-f999543c08f5": {
    "asset": 1601192580000,
    "meta": 1627211613394,
    "relativePath": "image/default_toggle_checkmark.png"
  },
  "6e056173-d285-473c-b206-40a7fff5386e": {
    "asset": 1601192580000,
    "meta": 1627211613391,
    "relativePath": "image/default_sprite.png"
  },
  "c25b9d50-c8fc-4d27-beeb-6e7c1f2e5c0f": {
    "asset": 1601192580000,
    "meta": 1627211613408,
    "relativePath": "image/default_toggle_disabled.png"
  },
  "d29077ba-1627-4a72-9579-7b56a235340c": {
    "asset": 1601192580000,
    "meta": 1627211613411,
    "relativePath": "image/default_toggle_normal.png"
  },
  "b181c1e4-0a72-4a91-bfb0-ae6f36ca60bd": {
    "asset": 1601192580000,
    "meta": 1627211613433,
    "relativePath": "image/default_toggle_pressed.png"
  },
  "5c3eedba-6c41-4c0c-9ba7-d91f813cbd1c": {
    "asset": 1601192580000,
    "meta": 1627211613435,
    "relativePath": "materials"
  },
  "c4480a0a-6ac5-443f-8b40-361a14257fc8": {
    "asset": 1601192580000,
    "meta": 1627211614168,
    "relativePath": "materials/builtin-phong.mtl"
  },
  "fc09f9bd-2cce-4605-b630-8145ef809ed6": {
    "asset": 1601192580000,
    "meta": 1627211613442,
    "relativePath": "misc"
  },
  "2be36297-9abb-4fee-8049-9ed5e271da8a": {
    "asset": 1601192580000,
    "meta": 1627211613449,
    "relativePath": "misc/default_video.mp4"
  },
  "db019bf7-f71c-4111-98cf-918ea180cb48": {
    "asset": 1601192580000,
    "meta": 1627211613450,
    "relativePath": "model"
  },
  "e39e96e6-6f6e-413f-bcf1-ac7679bb648a": {
    "asset": 1601192580000,
    "meta": 1627211613452,
    "relativePath": "model/prefab"
  },
  "a87cc147-01b2-43f8-8e42-a7ca90b0c757": {
    "asset": 1612633655804,
    "meta": 1627211613461,
    "relativePath": "model/prefab/box.prefab"
  },
  "600301aa-3357-4a10-b086-84f011fa32ba": {
    "asset": 1601192580000,
    "meta": 1627211613455,
    "relativePath": "image/default-particle.png"
  },
  "fe1417b6-fe6b-46a4-ae7c-9fd331f33a2a": {
    "asset": 1612633655807,
    "meta": 1627211613464,
    "relativePath": "model/prefab/capsule.prefab"
  },
  "b5fc2cf2-7942-483d-be1f-bbeadc4714ad": {
    "asset": 1612633655810,
    "meta": 1627211613469,
    "relativePath": "model/prefab/cone.prefab"
  },
  "1c5e4038-953a-44c2-b620-0bbfc6170477": {
    "asset": 1612633655812,
    "meta": 1627211613472,
    "relativePath": "model/prefab/cylinder.prefab"
  },
  "3f376125-a699-40ca-ad05-04d662eaa1f2": {
    "asset": 1612633655817,
    "meta": 1627211613477,
    "relativePath": "model/prefab/plane.prefab"
  },
  "2d9a4b85-b0ab-4c46-84c5-18f393ab2058": {
    "asset": 1612633655820,
    "meta": 1627211613480,
    "relativePath": "model/prefab/sphere.prefab"
  },
  "6c9ef10d-b479-420b-bfe6-39cdda6a8ae0": {
    "asset": 1612633655815,
    "meta": 1627211613474,
    "relativePath": "model/prefab/quad.prefab"
  },
  "de510076-056b-484f-b94c-83bef217d0e1": {
    "asset": 1612633655845,
    "meta": 1627211613501,
    "relativePath": "model/prefab/torus.prefab"
  },
  "f6e6dd15-71d1-4ffe-ace7-24fd39942c05": {
    "asset": 1601192580000,
    "meta": 1627211613502,
    "relativePath": "obsolete"
  },
  "8a96b965-2dc0-4e03-aa90-3b79cb93b5b4": {
    "asset": 1601192580000,
    "meta": 1627211613524,
    "relativePath": "obsolete/atom.png"
  },
  "f743d2b6-b7ea-4c14-a55b-547ed4d0a045": {
    "asset": 1601192580000,
    "meta": 1627211613525,
    "relativePath": "particle"
  },
  "b8223619-7e38-47c4-841f-9160c232495a": {
    "asset": 1601192580000,
    "meta": 1627211614188,
    "relativePath": "obsolete/atom.plist"
  },
  "d0a82d39-bede-46c4-b698-c81ff0dedfff": {
    "asset": 1601192580000,
    "meta": 1627211613539,
    "relativePath": "particle/atom.png"
  },
  "ae6c6c98-11e4-452f-8758-75f5c6a56e83": {
    "asset": 1601192580000,
    "meta": 1627211613541,
    "relativePath": "prefab"
  },
  "b2687ac4-099e-403c-a192-ff477686f4f5": {
    "asset": 1601192580000,
    "meta": 1627211614189,
    "relativePath": "particle/atom.plist"
  },
  "897ef7a1-4860-4f64-968d-f5924b18668a": {
    "asset": 1612633655880,
    "meta": 1627211613544,
    "relativePath": "prefab/2d-camera.prefab"
  },
  "70d7cdb0-04cd-41bb-9480-c06a4785f386": {
    "asset": 1612633655883,
    "meta": 1627211613547,
    "relativePath": "prefab/3d-camera.prefab"
  },
  "70bbeb73-6dc2-4ee4-8faf-76b3a0e34ec4": {
    "asset": 1612633655888,
    "meta": 1627211613553,
    "relativePath": "prefab/3d-particle.prefab"
  },
  "ed88f13d-fcad-4848-aa35-65a2cb973584": {
    "asset": 1612633655891,
    "meta": 1627211613557,
    "relativePath": "prefab/3d-stage.prefab"
  },
  "972b9a4d-47ee-4c74-b5c3-61d8a69bc29f": {
    "asset": 1612633655895,
    "meta": 1627211613561,
    "relativePath": "prefab/button.prefab"
  },
  "2c937608-2562-40ea-b264-7395df6f0cea": {
    "asset": 1612633655899,
    "meta": 1627211613564,
    "relativePath": "prefab/canvas.prefab"
  },
  "61aeb05b-3b32-452b-8eed-2b76deeed554": {
    "asset": 1612633655902,
    "meta": 1627211613567,
    "relativePath": "prefab/editbox.prefab"
  },
  "27756ebb-3d33-44b0-9b96-e858fadd4dd4": {
    "asset": 1612633655905,
    "meta": 1627211613570,
    "relativePath": "prefab/label.prefab"
  },
  "785a442c-3ceb-45be-a46e-7317f625f3b9": {
    "asset": 1612633655908,
    "meta": 1627211613573,
    "relativePath": "prefab/layout.prefab"
  },
  "a3ee0214-b432-4865-9666-4a3211814282": {
    "asset": 1601192580000,
    "meta": 1627211613575,
    "relativePath": "prefab/light"
  },
  "61906da3-7003-4bda-9abc-5769c76faee4": {
    "asset": 1612633655911,
    "meta": 1627211613578,
    "relativePath": "prefab/light/ambient.prefab"
  },
  "ddb99b39-7004-47cd-9705-751905c43c46": {
    "asset": 1612633655914,
    "meta": 1627211613581,
    "relativePath": "prefab/light/directional.prefab"
  },
  "0cf30284-9073-46bc-9eba-e62b69dbbff3": {
    "asset": 1612633655924,
    "meta": 1627211613586,
    "relativePath": "prefab/light/point.prefab"
  },
  "f5331fd2-bf42-4ee3-a3fd-3e1657600eff": {
    "asset": 1612633655928,
    "meta": 1627211613597,
    "relativePath": "prefab/light/spot.prefab"
  },
  "ca8401fe-ad6e-41a8-bd46-8e3e4e9945be": {
    "asset": 1612633655933,
    "meta": 1627211613601,
    "relativePath": "prefab/pageview.prefab"
  },
  "cd33edea-55f5-46c2-958d-357a01384a36": {
    "asset": 1612633655937,
    "meta": 1627211613606,
    "relativePath": "prefab/particlesystem.prefab"
  },
  "5965ffac-69da-4b55-bcde-9225d0613c28": {
    "asset": 1612633655940,
    "meta": 1627211613609,
    "relativePath": "prefab/progressBar.prefab"
  },
  "4a37dd57-78cd-4cec-aad4-f11a73d12b63": {
    "asset": 1612633655943,
    "meta": 1627211613613,
    "relativePath": "prefab/richtext.prefab"
  },
  "32044bd2-481f-4cf1-a656-e2b2fb1594eb": {
    "asset": 1612633655946,
    "meta": 1627211613617,
    "relativePath": "prefab/scrollview.prefab"
  },
  "0004d1cf-a0ad-47d8-ab17-34d3db9d35a3": {
    "asset": 1612633655949,
    "meta": 1627211613621,
    "relativePath": "prefab/slider.prefab"
  },
  "1f55e3be-b89b-4b79-88de-47fd31018044": {
    "asset": 1612633655951,
    "meta": 1627211613624,
    "relativePath": "prefab/sprite_splash.prefab"
  },
  "96083d03-c332-4a3f-9386-d03e2d19e8ee": {
    "asset": 1612633655954,
    "meta": 1627211613634,
    "relativePath": "prefab/sprite.prefab"
  },
  "7de03a80-4457-438d-95a7-3e7cdffd6086": {
    "asset": 1612633655957,
    "meta": 1627211613637,
    "relativePath": "prefab/tiledmap.prefab"
  },
  "0e42ba95-1fa1-46aa-b2cf-143cd1bcee2c": {
    "asset": 1612633655960,
    "meta": 1627211613640,
    "relativePath": "prefab/tiledtile.prefab"
  },
  "0d784963-d024-4ea6-a7db-03be0ad63010": {
    "asset": 1612633655963,
    "meta": 1627211613644,
    "relativePath": "prefab/toggle.prefab"
  },
  "bf0a434c-84dd-4a8e-a08a-7a36f180cc75": {
    "asset": 1612633655968,
    "meta": 1627211613649,
    "relativePath": "prefab/toggleContainer.prefab"
  },
  "d1b8be49-b0a0-435c-83b7-552bed4bbe35": {
    "asset": 1612633655973,
    "meta": 1627211613656,
    "relativePath": "prefab/toggleGroup.prefab"
  },
  "232d2782-c4bd-4bb4-9e01-909f03d6d3b9": {
    "asset": 1612633655976,
    "meta": 1627211613660,
    "relativePath": "prefab/videoplayer.prefab"
  },
  "8c5001fd-07ee-4a4b-a8a0-63e15195e94d": {
    "asset": 1612633655979,
    "meta": 1627211613663,
    "relativePath": "prefab/webview.prefab"
  },
  "d8afc78c-4eac-4a9f-83dd-67bc70344d33": {
    "asset": 1601192580000,
    "meta": 1627211613666,
    "relativePath": "resources"
  },
  "294c1663-4adf-4a1e-a795-53808011a38a": {
    "asset": 1601192580000,
    "meta": 1627211613668,
    "relativePath": "resources/effects"
  },
  "30682f87-9f0d-4f17-8a44-72863791461b": {
    "asset": 1601192580000,
    "meta": 1627211613688,
    "relativePath": "resources/effects/builtin-2d-graphics.effect"
  },
  "144c3297-af63-49e8-b8ef-1cfa29b3be28": {
    "asset": 1601192580000,
    "meta": 1627211613726,
    "relativePath": "resources/effects/builtin-2d-gray-sprite.effect"
  },
  "f18742d7-56d2-4eb5-ae49-2d9d710b37c8": {
    "asset": 1601192580000,
    "meta": 1627211613770,
    "relativePath": "resources/effects/builtin-2d-label.effect"
  },
  "0e93aeaa-0b53-4e40-b8e0-6268b4e07bd7": {
    "asset": 1601192580000,
    "meta": 1627211613809,
    "relativePath": "resources/effects/builtin-2d-spine.effect"
  },
  "2874f8dd-416c-4440-81b7-555975426e93": {
    "asset": 1601192580000,
    "meta": 1627211613827,
    "relativePath": "resources/effects/builtin-2d-sprite.effect"
  },
  "829a282c-b049-4019-bd38-5ace8d8a6417": {
    "asset": 1601192580000,
    "meta": 1627211613997,
    "relativePath": "resources/effects/builtin-3d-particle.effect"
  },
  "2a7c0036-e0b3-4fe1-8998-89a54b8a2bec": {
    "asset": 1601192580000,
    "meta": 1627211614028,
    "relativePath": "resources/effects/builtin-3d-trail.effect"
  },
  "c0040c95-c57f-49cd-9cbc-12316b73d0d4": {
    "asset": 1601192580000,
    "meta": 1627211614036,
    "relativePath": "resources/effects/builtin-clear-stencil.effect"
  },
  "6d91e591-4ce0-465c-809f-610ec95019c6": {
    "asset": 1601192580000,
    "meta": 1627211614053,
    "relativePath": "resources/effects/builtin-unlit.effect"
  },
  "bbee2217-c261-49bd-a8ce-708d6bcc3500": {
    "asset": 1601192580000,
    "meta": 1627211614054,
    "relativePath": "resources/materials"
  },
  "6f801092-0c37-4f30-89ef-c8d960825b36": {
    "asset": 1601192580000,
    "meta": 1627211614207,
    "relativePath": "resources/materials/builtin-2d-base.mtl"
  },
  "a153945d-2511-4c14-be7b-05d242f47d57": {
    "asset": 1601192580000,
    "meta": 1627211614208,
    "relativePath": "resources/materials/builtin-2d-graphics.mtl"
  },
  "3a7bb79f-32fd-422e-ada2-96f518fed422": {
    "asset": 1601192580000,
    "meta": 1627211614209,
    "relativePath": "resources/materials/builtin-2d-gray-sprite.mtl"
  },
  "e02d87d4-e599-4d16-8001-e14891ac6506": {
    "asset": 1601192580000,
    "meta": 1627211614209,
    "relativePath": "resources/materials/builtin-2d-label.mtl"
  },
  "7afd064b-113f-480e-b793-8817d19f63c3": {
    "asset": 1601192580000,
    "meta": 1627211614210,
    "relativePath": "resources/materials/builtin-2d-spine.mtl"
  },
  "eca5d2f2-8ef6-41c2-bbe6-f9c79d09c432": {
    "asset": 1601192580000,
    "meta": 1627211614211,
    "relativePath": "resources/materials/builtin-2d-sprite.mtl"
  },
  "432fa09c-cf03-4cff-a186-982604408a07": {
    "asset": 1601192580000,
    "meta": 1627211614212,
    "relativePath": "resources/materials/builtin-3d-particle.mtl"
  },
  "466d4f9b-e5f4-4ea8-85d5-3c6e9a65658a": {
    "asset": 1601192580000,
    "meta": 1627211614212,
    "relativePath": "resources/materials/builtin-3d-trail.mtl"
  },
  "cf7e0bb8-a81c-44a9-ad79-d28d43991032": {
    "asset": 1601192580000,
    "meta": 1627211614213,
    "relativePath": "resources/materials/builtin-clear-stencil.mtl"
  },
  "2a296057-247c-4a1c-bbeb-0548b6c98650": {
    "asset": 1601192580000,
    "meta": 1627211614242,
    "relativePath": "resources/materials/builtin-unlit.mtl"
  },
  "954fec8b-cd16-4bb9-a3b7-7719660e7558": {
    "asset": 1601192580000,
    "meta": 1627211616784,
    "relativePath": "model/primitives.fbx"
  },
  "04250562-b7ec-4f8a-b4ff-9e87d389292f": {
    "asset": 1627188307602,
    "meta": 1627188307614,
    "relativePath": "migration"
  },
  "17ba0459-76a8-4477-b927-3f92b7ffb08a": {
    "asset": 1627188302945,
    "meta": 1627188307682,
    "relativePath": "migration/use_v2.1-2.2.1_cc.Toggle_event.js"
  },
  "29f52784-2fca-467b-92e7-8fd9ef8c57b7": {
    "asset": 1627188295536,
    "meta": 1627188307684,
    "relativePath": "Scene"
  },
  "4734c20c-0db8-4eb2-92ea-e692f4d70934": {
    "asset": 1627188295536,
    "meta": 1627188307685,
    "relativePath": "Script"
  },
  "7b81d4e8-ec84-4716-968d-500ac1d78a54": {
    "asset": 1627188295536,
    "meta": 1627188307790,
    "relativePath": "Texture"
  },
  "2d2f792f-a40c-49bb-a189-ed176a246e49": {
    "asset": 1627221956213,
    "meta": 1627221956227,
    "relativePath": "Scene/helloworld.fire"
  },
  "a8027877-d8d6-4645-97a0-52d4a0123dba": {
    "asset": 1627188295537,
    "meta": 1627188307808,
    "relativePath": "Texture/singleColor.png"
  },
  "6aa0aa6a-ebee-4155-a088-a687a6aadec4": {
    "asset": 1627188295537,
    "meta": 1627188307825,
    "relativePath": "Texture/HelloWorld.png"
  },
  "2b24c237-01de-487e-b420-1c7273228900": {
    "asset": 1627211720273,
    "meta": 1627211720275,
    "relativePath": "resources"
  },
  "323642a8-7c73-4e05-9189-62b40fa2db56": {
    "asset": 1627211851631,
    "meta": 1627211854529,
    "relativePath": "resources/particle.plist"
  },
  "71e842b7-23d2-4698-ba5e-0a52950b2710": {
    "asset": 1627221382562,
    "meta": 1627221384147,
    "relativePath": "resources/select.mp3"
  },
  "adbae71b-34d3-49c3-a60f-dba6eac42818": {
    "asset": 1627221382562,
    "meta": 1627221384149,
    "relativePath": "resources/noway.wav"
  },
  "e1b90feb-a217-4493-849d-9a611900d683": {
    "asset": 1627221802597,
    "meta": 1627221829129,
    "relativePath": "Script/Helloworld.ts"
  }
}